"country","Year","Inflation..consumer.prices..annual...","Inflation..GDP.deflator..annual...","Real.interest.rate....","Deposit.interest.rate....","Lending.interest.rate....","Unemployment..total....of.total.labor.force...national.estimate.","Unemployment..total....of.total.labor.force...modeled.ILO.estimate.","iso3c","adminregion","incomeLevel","Government_Yield"
"Australia",2002,2.98157453936349,2.83581953103764,3.42942807773117,3.7,6.3625,6.36999988555908,6.36999988555908,"AUS","","High income",5.15999985
"Australia",2003,2.73259596616783,3.0073981807391,3.49984747011599,3.50833333333333,6.6125,5.92999982833862,5.92999982833862,"AUS","","High income",5.57000017
"Australia",2004,2.34325522482587,3.24491143426422,3.68549743796184,3.85,7.05,5.3899998664856,5.3899998664856,"AUS","","High income",5.32499981
"Australia",2005,2.69183168316831,3.80695099443184,3.32480850833064,3.89166666666667,7.25833333333333,5.03000020980835,5.03000020980835,"AUS","","High income",5.21000004
"Australia",2006,3.55528773727028,5.12048467467758,2.3706276973842,4.0625,7.6125,4.78000020980835,4.78000020980835,"AUS","","High income",5.88999987
"Australia",2007,2.32761128891476,4.9824303154294,3.06089600731186,4.52916666666667,8.19583333333333,4.38000011444092,4.38000011444092,"AUS","","High income",6.38000011
"Australia",2008,4.35029854990047,4.6145835235411,4.10435110017527,4.725,8.90833333333333,4.23000001907349,4.23000001907349,"AUS","","High income",3.9849999
"Australia",2009,1.77111716621252,4.9883384540998,0.983437679304664,3.07916666666667,6.02083333333333,5.55999994277954,5.55999994277954,"AUS","","High income",5.7249999
"Australia",2010,2.91834002677376,1.16538343870303,6.04335497000121,4.2125,7.27916666666667,5.21000003814697,5.21000003814697,"AUS","","High income",5.51499987
"Australia",2011,3.30385015608744,6.20678072165643,1.44126323003352,4.3375,7.7375,5.07999992370605,5.07999992370605,"AUS","","High income",3.79999995
"Australia",2012,1.76278015613193,1.78912996440673,5.09471889327147,3.91666666666667,6.975,5.21999979019165,5.21999979019165,"AUS","","High income",3.28500009
"Australia",2013,2.44988864142539,-0.152591540025981,6.34143469956045,3.25,6.17916666666667,5.65999984741211,5.65999984741211,"AUS","","High income",4.24100018
"Australia",2014,2.48792270531403,1.44182452992179,4.44409935543742,2.90416666666667,5.95,6.07999992370605,6.07999992370605,"AUS","","High income",2.82999992
"Australia",2015,1.50836672165921,-0.61654239981722,6.22995269969943,2.30416666666667,5.575,6.05000019073486,6.05000019073486,"AUS","","High income",2.88899994
"Australia",2016,1.27699094497328,-0.597558624754228,6.05457157271221,2.14166666666667,5.42083333333333,5.71000003814697,5.71000003814697,"AUS","","High income",2.773
"Australia",2017,1.94864740944522,3.74509003702453,1.44624672111231,2.00833333333333,5.2455,5.59000015258789,5.59000015258789,"AUS","","High income",2.6421
"Australia",2018,1.91140094445692,1.83015529797454,3.36901974205967,1.97916666666667,5.26083333333333,5.30000019073486,5.30000019073486,"AUS","","High income",2.3308
"Australia",2019,1.61076787290379,3.41878591584748,1.62660397649741,1.55833333333333,5.101,5.15999984741211,5.15999984741211,"AUS","","High income",1.3846
"Belgium",2002,1.64521436175359,1.64000779519799,NA,NA,NA,6.90999984741211,6.90999984741211,"BEL","","High income",4.30700016
"Belgium",2003,1.58896399970379,1.85008868250355,NA,NA,NA,7.67999982833862,7.67999982833862,"BEL","","High income",4.34899998
"Belgium",2004,2.09728311239314,1.91499094831144,NA,NA,NA,7.3600001335144,7.3600001335144,"BEL","","High income",3.68400002
"Belgium",2005,2.78143263670025,2.08307421275387,NA,NA,NA,8.4399995803833,8.4399995803833,"BEL","","High income",3.34599996
"Belgium",2006,1.79120770070454,2.26470714433403,NA,NA,NA,8.25,8.25,"BEL","","High income",3.99699998
"Belgium",2007,1.8230563002681,1.93172111672469,NA,NA,NA,7.46000003814697,7.46000003814697,"BEL","","High income",4.47300005
"Belgium",2008,4.48944420508401,1.90884542543854,NA,NA,NA,6.98000001907349,6.98000001907349,"BEL","","High income",3.773
"Belgium",2009,-0.0531456741253762,0.533179397971551,NA,NA,NA,7.90999984741211,7.90999984741211,"BEL","","High income",3.71600008
"Belgium",2010,2.18929920422458,1.89207786027008,NA,NA,NA,8.28999996185303,8.28999996185303,"BEL","","High income",3.97099996
"Belgium",2011,3.53208210722744,1.8072994675872,NA,NA,NA,7.1399998664856,7.1399998664856,"BEL","","High income",4.10900021
"Belgium",2012,2.83966343445897,1.9611193413831,NA,NA,NA,7.53999996185303,7.53999996185303,"BEL","","High income",2.05100012
"Belgium",2013,1.11309594027537,1.27125815498337,NA,NA,NA,8.43000030517578,8.43000030517578,"BEL","","High income",2.55699992
"Belgium",2014,0.340002833356965,0.982645554501687,NA,NA,NA,8.52000045776367,8.52000045776367,"BEL","","High income",0.824
"Belgium",2015,0.561429152790106,1.33038612835179,NA,NA,NA,8.47999954223633,8.47999954223633,"BEL","","High income",0.977
"Belgium",2016,1.97385264653172,1.92085069495049,NA,NA,NA,7.82999992370605,7.82999992370605,"BEL","","High income",0.551
"Belgium",2017,2.12597086002609,1.83027279601211,NA,NA,NA,7.09000015258789,7.09000015258789,"BEL","","High income",0.634
"Belgium",2018,2.05316499865181,1.5189199881527,NA,NA,NA,5.94999980926514,5.94999980926514,"BEL","","High income",0.772
"Belgium",2019,1.43681956996435,1.75407057913691,NA,NA,NA,5.3600001335144,5.3600001335144,"BEL","","High income",0.0911
"Canada",2002,2.25839440940856,0.843483726924617,3.33670504236092,0.829166666666667,4.20833333333333,7.65999984741211,7.65999984741211,"CAN","","High income",4.80200005
"Canada",2003,2.75856321360112,1.25587232856634,3.38906533766094,1.1,4.6875,7.57000017166138,7.57000017166138,"CAN","","High income",4.62099981
"Canada",2004,1.85725871857261,2.44437355143697,1.51850843012082,0.783333333333333,4,7.19000005722046,7.19000005722046,"CAN","","High income",4.38700008
"Canada",2005,2.21355203439764,1.36318730747425,3.0124145069847,0.791666666666667,4.41666666666667,6.76000022888184,6.76000022888184,"CAN","","High income",3.93700004
"Canada",2006,2.00202539534156,1.06570330256392,4.6967433484586,1.825,5.8125,6.32000017166138,6.32000017166138,"CAN","","High income",4.04699993
"Canada",2007,2.13838399266843,-1.35727467576298,7.56410705189259,2.08333333333333,6.10416666666667,6.03999996185303,6.03999996185303,"CAN","","High income",4.09399986
"Canada",2008,2.37027067444294,3.98373860184653,0.716869844115127,1.5,4.72916666666667,6.1399998664856,6.1399998664856,"CAN","","High income",2.66000009
"Canada",2009,0.299466803009284,-2.31152537444508,4.81874522641691,0.0958333333333333,2.39583333333333,8.34000015258789,8.34000015258789,"CAN","","High income",3.60299993
"Canada",2010,1.77687154092629,2.84994645578823,-0.238969292246743,0.2,2.60416666666667,8.0600004196167,8.0600004196167,"CAN","","High income",3.1559999
"Canada",2011,2.91213508872355,3.23475902957836,-0.227403087666516,0.475,3,7.51000022888184,7.51000022888184,"CAN","","High income",1.94799995
"Canada",2012,1.51567823124521,1.21191754403497,1.76667184987091,0.483333333333333,3,7.28999996185303,7.28999996185303,"CAN","","High income",1.77199996
"Canada",2013,0.93829189781521,1.73744799956536,1.24099043691368,0.55,3,7.07000017166138,7.07000017166138,"CAN","","High income",2.73900008
"Canada",2014,1.90663590717873,1.94459869733706,1.03526946611102,0.55,3,6.90999984741211,6.90999984741211,"CAN","","High income",1.81200004
"Canada",2015,1.12524136094279,-0.876717544815605,3.68401595908269,0.075,2.775,6.90999984741211,6.90999984741211,"CAN","","High income",1.40100002
"Canada",2016,1.4287595470108,0.75403003025545,1.93140658409415,0.1,2.7,7,7,"CAN","","High income",1.71500003
"Canada",2017,1.5968841285297,2.5649968397985,0.131626933516484,0.1,2.7,6.34000015258789,6.34000015258789,"CAN","","High income",2.043
"Canada",2018,2.268225672481,1.61741439035406,NA,NA,NA,5.82999992370605,5.82999992370605,"CAN","","High income",1.967
"Canada",2019,1.94926902411596,1.47519791997564,NA,NA,NA,5.65999984741211,5.65999984741211,"CAN","","High income",1.699
"China",2002,-0.731970902350276,0.602099078003945,4.67972434486251,1.98,5.31,4,4.23999977111816,"CHN","East Asia & Pacific (excluding high income)","Upper middle income",3.09899998
"China",2003,1.12760348729636,2.60317771895693,2.63814663563092,1.98,5.31,4.30000019073486,4.57999992370605,"CHN","East Asia & Pacific (excluding high income)","Upper middle income",3.75500011
"China",2004,3.82463743108159,6.9519926804569,-1.28281170464587,2.25,5.58,4.19999980926514,4.48999977111816,"CHN","East Asia & Pacific (excluding high income)","Upper middle income",4.53299999
"China",2005,1.77641407667574,3.90374426923287,1.61327750270832,2.25,5.58,4.19999980926514,4.51999998092651,"CHN","East Asia & Pacific (excluding high income)","Upper middle income",3.31500006
"China",2006,1.64943099455862,3.92654939664587,2.11057772637347,2.52,6.12,4.09999990463257,4.42999982833862,"CHN","East Asia & Pacific (excluding high income)","Upper middle income",3.03999996
"China",2007,4.81676767378831,7.74968649314771,-0.259570586468016,4.14,7.47,4,4.34999990463257,"CHN","East Asia & Pacific (excluding high income)","Upper middle income",4.38999987
"China",2008,5.92525137041095,7.79534603682124,-2.30561534258843,2.25,5.31,4.19999980926514,4.59000015258789,"CHN","East Asia & Pacific (excluding high income)","Upper middle income",2.74900007
"China",2009,-0.728165250932952,-0.209533360982732,5.53112290871345,2.25,5.31,4.30000019073486,4.71999979019165,"CHN","East Asia & Pacific (excluding high income)","Upper middle income",3.5999999
"China",2010,3.17532475269199,6.88138025315708,-1.00240121396208,2.75,5.81,4.09999990463257,4.53000020980835,"CHN","East Asia & Pacific (excluding high income)","Upper middle income",3.9000001
"China",2011,5.55389892257492,8.07568446695551,-1.40242874651321,3.5,6.56,4.09999990463257,4.55000019073486,"CHN","East Asia & Pacific (excluding high income)","Upper middle income",3.51999998
"China",2012,2.61952432645544,2.33121757577324,3.58520352942164,3,6,4.09999990463257,4.57000017166138,"CHN","East Asia & Pacific (excluding high income)","Upper middle income",3.57500005
"China",2013,2.62105001748115,2.16337002683569,3.75538705522002,3,6,4.05000019073486,4.59000015258789,"CHN","East Asia & Pacific (excluding high income)","Upper middle income",4.63000011
"China",2014,1.92164162788521,1.03106368767851,4.52230843223192,2.75,5.6,4.09999990463257,4.6100001335144,"CHN","East Asia & Pacific (excluding high income)","Upper middle income",3.648
"China",2015,1.43702380935655,-0.00294409357314862,4.35307225209355,1.5,4.35,NA,4.63000011444092,"CHN","East Asia & Pacific (excluding high income)","Upper middle income",2.86199999
"China",2016,2.00000182191941,1.4073460272495,2.90181538915314,1.5,4.35,NA,4.53000020980835,"CHN","East Asia & Pacific (excluding high income)","Upper middle income",3.06599998
"China",2017,1.59313600071434,4.23268197526643,0.112553973005713,1.5,4.35,3.90000009536743,4.44000005722046,"CHN","East Asia & Pacific (excluding high income)","Upper middle income",3.8953
"China",2018,2.07479039965578,3.4997476356901,0.821501871968533,1.5,4.35,3.79999995231628,4.28000020980835,"CHN","East Asia & Pacific (excluding high income)","Upper middle income",3.3077
"China",2019,2.89923416358227,1.28745207725503,3.02362026088787,1.5,4.35,5.15000009536743,4.51999998092651,"CHN","East Asia & Pacific (excluding high income)","Upper middle income",3.1626
"Denmark",2002,2.42443661219694,2.34764746386243,NA,NA,NA,4.26999998092651,4.26999998092651,"DNK","","High income",4.4460001
"Denmark",2003,2.07507820646504,1.48182980917917,NA,NA,NA,5.40000009536743,5.40000009536743,"DNK","","High income",4.46400023
"Denmark",2004,1.15435693124937,2.09573309263418,NA,NA,NA,5.19999980926514,5.19999980926514,"DNK","","High income",4.38899994
"Denmark",2005,1.81781458291257,2.90642404916615,NA,NA,NA,4.82999992370605,4.82999992370605,"DNK","","High income",3.3039999
"Denmark",2006,1.92422138464588,2.07617957165436,NA,NA,NA,3.90000009536743,3.90000009536743,"DNK","","High income",3.94799995
"Denmark",2007,1.69326586220319,2.43228058523555,NA,NA,NA,3.79999995231628,3.79999995231628,"DNK","","High income",4.44299984
"Denmark",2008,3.41626794258375,4.13469296938067,NA,NA,NA,3.6800000667572,3.6800000667572,"DNK","","High income",3.40100002
"Denmark",2009,1.30470991024336,0.529022254242335,NA,NA,NA,6.40999984741211,6.40999984741211,"DNK","","High income",3.67799997
"Denmark",2010,2.31092436974789,3.224072873962,NA,NA,NA,7.75,7.75,"DNK","","High income",3.02600002
"Denmark",2011,2.75868226051246,0.638643467690599,NA,NA,NA,7.76999998092651,7.76999998092651,"DNK","","High income",1.63600004
"Denmark",2012,2.39791485664639,2.37518362751084,NA,NA,NA,7.80000019073486,7.80000019073486,"DNK","","High income",1.375
"Denmark",2013,0.789071780078061,0.888170882360484,NA,NA,NA,7.38000011444092,7.38000011444092,"DNK","","High income",1.97899997
"Denmark",2014,0.564020540449518,1.03210857831324,NA,NA,NA,6.92999982833862,6.92999982833862,"DNK","","High income",0.83999997
"Denmark",2015,0.452034153691623,0.433060802052097,NA,NA,NA,6.28000020980835,6.28000020980835,"DNK","","High income",0.954
"Denmark",2016,0.249999999999997,0.25459516653126,NA,NA,NA,5.98999977111816,5.98999977111816,"DNK","","High income",0.336
"Denmark",2017,1.14713216957606,1.18466161152733,NA,NA,NA,5.82999992370605,5.82999992370605,"DNK","","High income",0.4783
"Denmark",2018,0.813609467455633,0.747856838144173,NA,NA,NA,5.13000011444092,5.13000011444092,"DNK","","High income",0.2194
"Denmark",2019,0.758131572511619,0.742103116517058,NA,NA,NA,5.01999998092651,5.01999998092651,"DNK","","High income",-0.1569
"France",2002,1.9234122872706,2.0674257413845,NA,3,NA,8.69999980926514,8.69999980926514,"FRA","","High income",4.25099993
"France",2003,2.09847219146922,1.85936824410877,NA,2.6875,NA,8.3100004196167,8.3100004196167,"FRA","","High income",4.30000019
"France",2004,2.14208964640242,1.62267544006134,NA,2.25,NA,8.90999984741211,8.90999984741211,"FRA","","High income",3.69000006
"France",2005,1.74586936380481,1.93634141901367,NA,2.14583333333333,NA,8.48999977111816,8.48999977111816,"FRA","","High income",3.32200003
"France",2006,1.67512449608728,2.15532739127715,NA,2.4375,NA,8.44999980926514,8.44999980926514,"FRA","","High income",3.977
"France",2007,1.48799805953858,2.5566370154462,NA,2.85416666666667,NA,7.65999984741211,7.65999984741211,"FRA","","High income",4.42299986
"France",2008,2.81286194914787,2.36707384043677,NA,3.66666666666667,NA,7.05999994277954,7.05999994277954,"FRA","","High income",3.41400003
"France",2009,0.0876204781574529,0.0666274760495753,NA,1.91666666666667,NA,8.73999977111816,8.73999977111816,"FRA","","High income",3.61299992
"France",2010,1.53112270420924,1.06969747621216,NA,1.45833333333333,NA,8.86999988555908,8.86999988555908,"FRA","","High income",3.3499999
"France",2011,2.11159795174997,0.947960225382971,NA,2.08333333333333,NA,8.8100004196167,8.8100004196167,"FRA","","High income",3.15199995
"France",2012,1.95419531613507,1.16182503173519,NA,2.25,NA,9.39999961853027,9.39999961853027,"FRA","","High income",1.99399996
"France",2013,0.863715497861826,0.778100531144062,NA,1.59666666666667,NA,9.92000007629395,9.92000007629395,"FRA","","High income",2.43199992
"France",2014,0.507758822937957,0.576944232991778,NA,1.14583333333333,NA,10.289999961853,10.289999961853,"FRA","","High income",0.83700001
"France",2015,0.0375143805125363,1.13824878533235,NA,0.895833333333333,NA,10.3500003814697,10.3500003814697,"FRA","","High income",0.99299997
"France",2016,0.183334861123848,0.522559343400445,NA,0.7575,NA,10.0500001907349,10.0500001907349,"FRA","","High income",0.68300003
"France",2017,1.03228275064674,0.521577263305687,NA,0.791666666666667,NA,9.40999984741211,9.40999984741211,"FRA","","High income",0.7847
"France",2018,1.85081508315494,0.9922245663778,NA,NA,NA,9.02000045776367,9.02000045776367,"FRA","","High income",0.7051
"France",2019,1.10825492288292,1.27859214632949,NA,NA,NA,8.40999984741211,8.40999984741211,"FRA","","High income",0.112
"Germany",2002,1.42080560518857,1.37812582409744,NA,NA,NA,8.47999954223633,8.47999954223633,"DEU","","High income",4.19399977
"Germany",2003,1.03422776551069,1.32125352370875,NA,NA,NA,9.77999973297119,9.77999973297119,"DEU","","High income",4.29199982
"Germany",2004,1.66573340932676,1.11559586662639,NA,NA,NA,10.7299995422363,10.7299995422363,"DEU","","High income",3.68000007
"Germany",2005,1.54690965159041,0.405207331851614,NA,NA,NA,11.1700000762939,11.1700000762939,"DEU","","High income",3.29500008
"Germany",2006,1.57742825864226,0.397281154893903,NA,NA,NA,10.25,10.25,"DEU","","High income",3.9460001
"Germany",2007,2.29834179696226,1.77027320694081,NA,NA,NA,8.65999984741211,8.65999984741211,"DEU","","High income",4.36800003
"Germany",2008,2.62838174873985,0.909330422301522,NA,NA,NA,7.51999998092651,7.51999998092651,"DEU","","High income",2.94899988
"Germany",2009,0.31273762987172,1.84189163776318,NA,NA,NA,7.73999977111816,7.73999977111816,"DEU","","High income",3.38800001
"Germany",2010,1.10380916115812,0.645275771121817,NA,NA,NA,6.96999979019165,6.96999979019165,"DEU","","High income",2.94899988
"Germany",2011,2.07517452479837,1.06948374534943,NA,NA,NA,5.82000017166138,5.82000017166138,"DEU","","High income",1.81599998
"Germany",2012,2.0084909216701,1.49648883779834,NA,NA,NA,5.38000011444092,5.38000011444092,"DEU","","High income",1.30599999
"Germany",2013,1.5047209800535,1.95939168302444,NA,NA,NA,5.23000001907349,5.23000001907349,"DEU","","High income",1.94099998
"Germany",2014,0.906797948515676,1.87793985374911,NA,NA,NA,4.98000001907349,4.98000001907349,"DEU","","High income",0.54100001
"Germany",2015,0.51442053951781,1.85367882408802,NA,NA,NA,4.61999988555908,4.61999988555908,"DEU","","High income",0.63450003
"Germany",2016,0.49174862477081,1.32775222269545,NA,NA,NA,4.11999988555908,4.11999988555908,"DEU","","High income",0.208
"Germany",2017,1.50949655801608,1.50373898915133,NA,NA,NA,3.75,3.75,"DEU","","High income",0.431
"Germany",2018,1.73216766075662,1.97471716141666,NA,NA,NA,3.38000011444092,3.38000011444092,"DEU","","High income",0.2421
"Germany",2019,1.4456670146976,2.05505655287355,NA,NA,NA,3.14000010490417,3.14000010490417,"DEU","","High income",-0.1837
"Greece",2002,3.62935871878871,3.34877052735808,NA,NA,NA,9.97000026702881,9.97000026702881,"GRC","","High income",4.43499994
"Greece",2003,3.53065027765554,3.45357469325165,NA,NA,NA,9.40999984741211,9.40999984741211,"GRC","","High income",4.42500019
"Greece",2004,2.89884810758168,3.06266173309785,NA,NA,NA,10.3100004196167,10.3100004196167,"GRC","","High income",3.7980001
"Greece",2005,3.54507273335083,2.24031955714385,NA,NA,NA,9.98999977111816,9.98999977111816,"GRC","","High income",3.5250001
"Greece",2006,3.19594684144545,3.49504242576921,NA,NA,NA,9.01000022888184,9.01000022888184,"GRC","","High income",4.2249999
"Greece",2007,2.89500321516574,3.42266695770917,NA,NA,NA,8.39999961853027,8.39999961853027,"GRC","","High income",4.62799978
"Greece",2008,4.15279708110295,4.34458314105063,NA,NA,NA,7.76000022888184,7.76000022888184,"GRC","","High income",5.20100021
"Greece",2009,1.2100726919781,2.56977063953397,NA,NA,NA,9.61999988555908,9.61999988555908,"GRC","","High income",5.76399994
"Greece",2010,4.71298907760393,-0.176615533570711,NA,NA,NA,12.710000038147,12.710000038147,"GRC","","High income",12.54399967
"Greece",2011,3.3298532335065,0.959017980521224,NA,NA,NA,17.8600006103516,17.8600006103516,"GRC","","High income",35.48799896
"Greece",2012,1.50152696177748,-0.275142403452051,NA,NA,NA,24.4400005340576,24.4400005340576,"GRC","","High income",11.92199993
"Greece",2013,-0.921269454256898,-2.04562420707737,NA,NA,NA,27.4699993133545,27.4699993133545,"GRC","","High income",8.57400036
"Greece",2014,-1.31226096405516,-1.9387546208597,NA,NA,NA,26.4899997711182,26.4899997711182,"GRC","","High income",9.60099983
"Greece",2015,-1.73588804765278,-0.293730433148639,NA,NA,NA,24.8999996185303,24.8999996185303,"GRC","","High income",8.39299965
"Greece",2016,-0.825653978391008,-0.5785807515839,NA,NA,NA,23.5400009155273,23.5400009155273,"GRC","","High income",7.1329999
"Greece",2017,1.12125452031427,0.285406259345564,NA,NA,NA,21.4899997711182,21.4899997711182,"GRC","","High income",4.1204
"Greece",2018,0.625621413453588,-0.165244042297104,NA,NA,NA,19.2900009155273,19.2900009155273,"GRC","","High income",4.3533
"Greece",2019,0.25300752203812,0.248490586147483,NA,NA,NA,17.3099994659424,17.3099994659424,"GRC","","High income",1.4398
"Hong Kong SAR, China",2002,-2.98313878080416,-3.4018433064588,8.80556137329918,0.345,5.10416666666667,7.28000020980835,7.28000020980835,"HKG","","High income",4.38399982
"Hong Kong SAR, China",2003,-2.67379679144392,-6.00767227774541,11.7112455287551,0.0666666666666667,5,7.8600001335144,7.8600001335144,"HKG","","High income",4.37200022
"Hong Kong SAR, China",2004,-0.274725274725266,-3.59085108644818,8.93243485377456,0.025,5.02083333333333,6.73999977111816,6.73999977111816,"HKG","","High income",3.6329999
"Hong Kong SAR, China",2005,0.826446280991805,-0.150081307412592,6.36797177604308,1.26083333333333,6.20833333333333,5.57999992370605,5.57999992370605,"HKG","","High income",4.19000006
"Hong Kong SAR, China",2006,2.00025160397535,-0.534807698611388,8.49691652901985,2.7,7.91666666666667,4.76999998092651,4.76999998092651,"HKG","","High income",3.7420001
"Hong Kong SAR, China",2007,2.03502713369511,3.1374602327147,4.29042925557875,2.42333333333333,7.5625,4.01000022888184,4.01000022888184,"HKG","","High income",3.46199989
"Hong Kong SAR, China",2008,4.30315484104919,1.28148190307611,3.98001492590864,0.448333333333333,5.3125,3.55999994277954,3.55999994277954,"HKG","","High income",1.34899998
"Hong Kong SAR, China",2009,0.579441418472606,-0.375413294668775,5.39566935476293,0.0108333333333333,5,5.26000022888184,5.26000022888184,"HKG","","High income",2.77900004
"Hong Kong SAR, China",2010,2.29289088604677,0.270657445537822,4.71657678821037,0.01,5,4.32999992370605,4.32999992370605,"HKG","","High income",3.04399991
"Hong Kong SAR, China",2011,5.30524892993918,3.89789700496841,1.06075582548017,0.01,5,3.42000007629395,3.42000007629395,"HKG","","High income",1.52900004
"Hong Kong SAR, China",2012,4.05390950903839,3.54478895790852,1.40539283216176,0.01,5,3.28999996185303,3.28999996185303,"HKG","","High income",0.64999998
"Hong Kong SAR, China",2013,4.33799342105262,1.8124440289138,3.13081176028046,0.01,5,3.40000009536743,3.40000009536743,"HKG","","High income",2.34899998
"Hong Kong SAR, China",2014,4.42364532019706,2.85031089853246,2.09011434451408,0.01,5,3.29999995231628,3.29999995231628,"HKG","","High income",1.91999996
"Hong Kong SAR, China",2015,2.99084819322578,3.64354629720467,1.30876813005376,0.01,5,3.30999994277954,3.30999994277954,"HKG","","High income",1.59300005
"Hong Kong SAR, China",2016,2.40930743862222,1.63764752172449,3.30817621251695,0.01,5,3.39000010490417,3.39000010490417,"HKG","","High income",1.90100002
"Hong Kong SAR, China",2017,1.49387243939527,2.88346818945185,2.0572127357242,0.01,5,3.13000011444092,3.13000011444092,"HKG","","High income",1.8005
"Hong Kong SAR, China",2018,2.40613432046539,3.65755102185,1.33527719994554,0.0441666666666667,5.04166666666667,2.8199999332428,2.8199999332428,"HKG","","High income",2.0139
"Hong Kong SAR, China",2019,2.8832085377399,2.04714511101652,2.99569532525818,0.138333333333333,5.10416666666667,2.9300000667572,2.9300000667572,"HKG","","High income",1.847
"India",2002,4.2971520392956,3.71568377652814,7.90717719010452,NA,11.9166666666667,NA,5.53000020980835,"IND","South Asia","Lower middle income",6.08300018
"India",2003,3.80585899528851,3.86779808617059,7.30788115953461,NA,11.4583333333333,NA,5.64300012588501,"IND","South Asia","Lower middle income",5.12200022
"India",2004,3.7672517347751,5.72541322746282,4.91012830381202,NA,10.9166666666667,NA,5.62900018692017,"IND","South Asia","Lower middle income",6.70599985
"India",2005,4.24634362031927,5.62190326268404,4.85514517245753,NA,10.75,2.42000007629395,5.61299991607666,"IND","South Asia","Lower middle income",7.11000013
"India",2006,5.79652337561635,8.40093821713963,2.57060670201817,NA,11.1875,NA,5.60099983215332,"IND","South Asia","Lower middle income",7.61899996
"India",2007,6.37288135593231,6.94441825372725,5.68184406332425,NA,13.0208333333333,NA,5.57200002670288,"IND","South Asia","Lower middle income",7.79099989
"India",2008,8.34926704907579,9.19396962626338,3.77175624975725,NA,13.3125,NA,5.41400003433228,"IND","South Asia","Lower middle income",5.26000023
"India",2009,10.8823529411765,7.04036543496747,4.80859210832915,NA,12.1875,NA,5.54400014877319,"IND","South Asia","Lower middle income",7.6789999
"India",2010,11.9893899204244,10.5260308561853,-1.98385922230245,NA,8.33335,2.44000005722046,5.5460000038147,"IND","South Asia","Lower middle income",7.91300011
"India",2011,8.85836096636665,8.73358014404614,1.31797970849672,NA,10.1666666666667,NA,5.42600011825562,"IND","South Asia","Lower middle income",8.57199955
"India",2012,9.31244560487383,7.93438624839366,2.47352165613743,NA,10.6041666666667,2.69000005722046,5.41400003433228,"IND","South Asia","Lower middle income",8.04899979
"India",2013,11.0636747834422,6.18650400083453,3.86599286270871,NA,10.2916666666667,NA,5.42399978637695,"IND","South Asia","Lower middle income",8.82499981
"India",2014,6.64950015146925,3.33175691706154,6.69517609043592,NA,10.25,NA,5.43599987030029,"IND","South Asia","Lower middle income",7.85699987
"India",2015,4.90697344127255,2.27958810849833,7.55648841353986,NA,10.0083333333333,NA,5.43499994277954,"IND","South Asia","Lower middle income",7.7579999
"India",2016,4.94821634062141,3.23797495080767,6.2327114148242,NA,9.6725,NA,5.4229998588562,"IND","South Asia","Lower middle income",6.51599979
"India",2017,3.32817337461299,3.96925793352338,5.32760886237311,NA,9.50833333333333,NA,5.35799980163574,"IND","South Asia","Lower middle income",7.3346
"India",2018,3.94506866416981,3.73725167114141,5.5109566750896,NA,9.45416666666667,5.32999992370605,5.32999992370605,"IND","South Asia","Lower middle income",7.4531
"India",2019,3.7232764833053,3.5660014224639,5.69709025790032,NA,9.46625,5.26999998092651,5.26999998092651,"IND","South Asia","Lower middle income",6.5548
"Ireland",2002,4.614733276884,5.19001607134564,NA,NA,NA,4.21999979019165,4.21999979019165,"IRL","","High income",4.30499983
"Ireland",2003,3.49048968029138,3.91602171458759,NA,NA,NA,4.48000001907349,4.48000001907349,"IRL","","High income",4.26100016
"Ireland",2004,2.19962850718543,0.517470763957689,NA,NA,NA,4.48999977111816,4.48999977111816,"IRL","","High income",3.96300006
"Ireland",2005,2.42969198392961,3.07669147883831,NA,NA,NA,4.34000015258789,4.34000015258789,"IRL","","High income",3.30100012
"Ireland",2006,3.93163989540532,3.42714018754755,NA,NA,NA,4.40999984741211,4.40999984741211,"IRL","","High income",3.97000003
"Ireland",2007,4.89711564381346,1.20295658425505,NA,NA,NA,4.98000001907349,4.98000001907349,"IRL","","High income",4.5
"Ireland",2008,4.06030495117353,-0.501891550639911,NA,NA,NA,6.76999998092651,6.76999998092651,"IRL","","High income",4.4380002
"Ireland",2009,-4.47810339150477,-4.61988671106278,NA,NA,NA,12.6099996566772,12.6099996566772,"IRL","","High income",4.87699986
"Ireland",2010,-0.922095829024469,-2.97507359286445,NA,NA,NA,14.5299997329712,14.5299997329712,"IRL","","High income",9.22999954
"Ireland",2011,2.5571888318692,1.4968685760915,NA,NA,NA,15.3500003814697,15.3500003814697,"IRL","","High income",8.52200031
"Ireland",2012,1.69620897294545,2.28405268624827,NA,NA,NA,15.4499998092651,15.4499998092651,"IRL","","High income",4.53299999
"Ireland",2013,0.508714869485436,0.942224700128122,NA,NA,NA,13.7299995422363,13.7299995422363,"IRL","","High income",3.46600008
"Ireland",2014,0.182542316627949,-0.0568116432184524,NA,NA,NA,11.8599996566772,11.8599996566772,"IRL","","High income",1.24300003
"Ireland",2015,-0.289879079012739,7.70018812082918,NA,NA,NA,9.90999984741211,9.90999984741211,"IRL","","High income",1.14699996
"Ireland",2016,0.00830633773569926,0.705182877568689,NA,NA,NA,8.36999988555908,8.36999988555908,"IRL","","High income",0.76599997
"Ireland",2017,0.340531561461793,0.925858588695689,NA,NA,NA,6.71000003814697,6.71000003814697,"IRL","","High income",0.6792
"Ireland",2018,0.488370168032449,0.711919254960009,NA,NA,NA,5.73999977111816,5.73999977111816,"IRL","","High income",0.9016
"Ireland",2019,0.939044481054341,4.22478890022992,NA,NA,NA,4.94999980926514,4.94999980926514,"IRL","","High income",0.1195
"Italy",2002,2.46532319171164,3.27434188043023,3.15873855355089,NA,6.53650833333333,9.21000003814697,9.21000003814697,"ITA","","High income",4.41800022
"Italy",2003,2.67255552772852,3.1478079285654,2.60067773160278,NA,5.83035,8.86999988555908,8.86999988555908,"ITA","","High income",4.43200016
"Italy",2004,2.20673661423654,2.67018368106109,2.76222646529531,NA,5.50616666666667,7.86999988555908,7.86999988555908,"ITA","","High income",3.84100008
"Italy",2005,1.98529298527983,2.01055790083582,3.23826980965577,NA,5.313935,7.73000001907349,7.73000001907349,"ITA","","High income",3.52900004
"Italy",2006,2.09084391012755,2.12485391464755,3.42416671160356,NA,5.62177916666667,6.78000020980835,6.78000020980835,"ITA","","High income",4.21700001
"Italy",2007,1.829741122024,2.47899476586151,3.76243467546476,NA,6.3347,6.07999992370605,6.07999992370605,"ITA","","High income",4.5630002
"Italy",2008,3.34783258401023,2.40070344440197,4.33259382637626,NA,6.83731,6.71999979019165,6.71999979019165,"ITA","","High income",4.37900019
"Italy",2009,0.774768131387384,1.67883895982297,3.02700909877606,NA,4.75666666666667,7.75,7.75,"ITA","","High income",4.13999987
"Italy",2010,1.52551602118248,0.436360537541674,3.57968579295654,NA,4.03166666666667,8.35999965667725,8.35999965667725,"ITA","","High income",4.84000015
"Italy",2011,2.78063272879324,1.60717698349345,2.94466372553515,NA,4.59916666666667,8.35999965667725,8.35999965667725,"ITA","","High income",7.03499985
"Italy",2012,3.04136333226773,1.54730144037734,3.61919864683014,NA,5.2225,10.6499996185303,10.6499996185303,"ITA","","High income",4.53000021
"Italy",2013,1.21999342274305,1.14761015891955,3.95121199746377,NA,5.14416666666667,12.1499996185303,12.1499996185303,"ITA","","High income",4.08900023
"Italy",2014,0.241047429826773,0.913241261981469,3.91764782821879,NA,4.86666666666667,12.6800003051758,12.6800003051758,"ITA","","High income",1.88100004
"Italy",2015,0.0387903996579552,0.931863574759717,3.16786623371122,NA,4.12925,11.8999996185303,11.8999996185303,"ITA","","High income",1.60510004
"Italy",2016,-0.0940166569157271,1.13435002037254,2.33532587673561,NA,3.49616666666667,11.6899995803833,11.6899995803833,"ITA","","High income",1.81900001
"Italy",2017,1.22653316645808,0.726343220957816,2.25808863862564,NA,3.00083333333333,11.210000038147,11.210000038147,"ITA","","High income",1.9848
"Italy",2018,1.13748763600395,1.06813204686947,1.59483303043837,NA,2.68,10.6099996566772,10.6099996566772,"ITA","","High income",2.7276
"Italy",2019,0.611246943765291,0.915075229574896,1.67212358172089,NA,2.6025,9.94999980926514,9.94999980926514,"ITA","","High income",1.4111
"Korea, Rep.",2002,2.76226210296605,3.03313964628073,3.62604404098715,4.94833333333333,6.76916666666667,3.04999995231628,3.04999995231628,"KOR","","High income",5.73000002
"Korea, Rep.",2003,3.51487451459936,3.44999346268816,2.69373937175125,4.25083333333333,6.23666666666667,3.34999990463257,3.34999990463257,"KOR","","High income",5.28999996
"Korea, Rep.",2004,3.59066298882577,3.12788028772735,2.69208129866867,3.87416666666667,5.90416666666667,3.42000007629395,3.42000007629395,"KOR","","High income",3.80999994
"Korea, Rep.",2005,2.75379162735036,1.041401491649,4.50501653231774,3.72166666666667,5.59333333333333,3.48000001907349,3.48000001907349,"KOR","","High income",5.59000015
"Korea, Rep.",2006,2.24234028518923,-0.223195612442552,6.22458862113753,4.50333333333333,5.9875,3.25,3.25,"KOR","","High income",5.05000019
"Korea, Rep.",2007,2.53457382137933,2.41919594427836,4.03485956347149,5.17416666666667,6.55166666666667,3.00999999046326,3.00999999046326,"KOR","","High income",5.73999977
"Korea, Rep.",2008,4.6738965553341,2.8263023010858,4.2226851837321,5.87083333333333,7.16833333333333,2.96000003814697,2.96000003814697,"KOR","","High income",4.44000006
"Korea, Rep.",2009,2.75649654493925,3.60864412572843,1.96945202608971,3.4825,5.64916666666667,3.35999989509583,3.35999989509583,"KOR","","High income",5.4000001
"Korea, Rep.",2010,2.93928652655687,2.73749683726491,2.70025055583747,3.85666666666667,5.51166666666667,3.3199999332428,3.3199999332428,"KOR","","High income",4.46999979
"Korea, Rep.",2011,4.02596500436097,1.2818638059201,4.41899075105516,4.1525,5.7575,2.99000000953674,2.99000000953674,"KOR","","High income",3.76999998
"Korea, Rep.",2012,2.18707104433313,1.2518081696316,4.09279126823994,3.70083333333333,5.39583333333333,2.80999994277954,2.80999994277954,"KOR","","High income",3.1500001
"Korea, Rep.",2013,1.30134754547411,1.01854380505277,3.58824171458632,2.89083333333333,4.64333333333333,2.75,2.75,"KOR","","High income",3.56999993
"Korea, Rep.",2014,1.27477446401322,0.906896750615815,3.32627074144665,2.53583333333333,4.26333333333333,3.07999992370605,3.07999992370605,"KOR","","High income",2.60500002
"Korea, Rep.",2015,0.706331772455739,3.18559596664953,0.337001849362955,1.80916666666667,3.53333333333333,3.54999995231628,3.54999995231628,"KOR","","High income",2.08500004
"Korea, Rep.",2016,0.97168573991219,1.98603850545349,1.35455942282986,1.5575,3.3675,3.65000009536743,3.65000009536743,"KOR","","High income",2.09200001
"Korea, Rep.",2017,1.94433230786365,2.22278138152841,1.22662019971689,1.67,3.47666666666667,3.65000009536743,3.65000009536743,"KOR","","High income",2.4747
"Korea, Rep.",2018,1.47583935002643,0.482948983102617,3.16426921092061,2.02583333333333,3.6625,3.8199999332428,3.8199999332428,"KOR","","High income",1.9692
"Korea, Rep.",2019,0.383000303608079,-0.839325308149668,4.32142949289067,1.8525,3.44583333333333,3.75,3.75,"KOR","","High income",1.7068
"Malaysia",2002,1.80787246281537,3.12888319863409,3.29631237075615,3.205,6.52833333333333,3.48000001907349,3.48000001907349,"MYS","East Asia & Pacific (excluding high income)","Upper middle income",3.8210001
"Malaysia",2003,1.08967632577284,3.29893287687825,2.90603239825626,3.06666666666667,6.30083333333333,3.60999989509583,3.60999989509583,"MYS","East Asia & Pacific (excluding high income)","Upper middle income",4.89300013
"Malaysia",2004,1.421271159374,6.00928261482106,0.0344787905461832,3,6.04583333333333,3.53999996185303,3.53999996185303,"MYS","East Asia & Pacific (excluding high income)","Upper middle income",4.74599981
"Malaysia",2005,2.97507092684453,8.8625864706771,-2.67317410418221,3.00166666666667,5.9525,3.52999997138977,3.52999997138977,"MYS","East Asia & Pacific (excluding high income)","Upper middle income",4.1960001
"Malaysia",2006,3.6092356422439,3.98093167351242,2.40900097691566,3.14916666666667,6.48583333333333,3.30999994277954,3.30999994277954,"MYS","East Asia & Pacific (excluding high income)","Upper middle income",3.77099991
"Malaysia",2007,2.02735317779565,4.88132335727943,1.45673534665713,3.16583333333333,6.40916666666667,3.23000001907349,3.23000001907349,"MYS","East Asia & Pacific (excluding high income)","Upper middle income",4.14599991
"Malaysia",2008,5.44078221100772,10.3889003992836,-3.90338193758431,3.12583333333333,6.08,3.3199999332428,3.3199999332428,"MYS","East Asia & Pacific (excluding high income)","Upper middle income",3.21199989
"Malaysia",2009,0.583308405623704,-5.99220155562196,11.7823929563059,2.08166666666667,5.08416666666667,3.66000008583069,3.66000008583069,"MYS","East Asia & Pacific (excluding high income)","Upper middle income",4.28200006
"Malaysia",2010,1.62285235577031,7.26684593389439,-2.11327732642702,2.5025,5,3.39000010490417,3.39000010490417,"MYS","East Asia & Pacific (excluding high income)","Upper middle income",4.03900003
"Malaysia",2011,3.17447092151309,5.41240809007968,-0.471868633960644,2.91083333333333,4.915,3.04999995231628,3.04999995231628,"MYS","East Asia & Pacific (excluding high income)","Upper middle income",3.69700003
"Malaysia",2012,1.66357102479204,0.999932303470885,3.7484193736755,2.98083333333333,4.78583333333333,3.09999990463257,3.09999990463257,"MYS","East Asia & Pacific (excluding high income)","Upper middle income",3.49900007
"Malaysia",2013,2.10501231233614,0.17447448132144,4.46753081745693,2.97,4.6498,3.16000008583069,3.16000008583069,"MYS","East Asia & Pacific (excluding high income)","Upper middle income",4.14499998
"Malaysia",2014,3.14299050879107,2.46746678366378,2.06851821643173,3.04810778727445,4.587025,2.88000011444092,2.88000011444092,"MYS","East Asia & Pacific (excluding high income)","Upper middle income",4.13600016
"Malaysia",2015,2.10438980238344,1.21805573355338,3.30703770408129,3.13448717948718,4.565375,3.09999990463257,3.09999990463257,"MYS","East Asia & Pacific (excluding high income)","Upper middle income",4.18499994
"Malaysia",2016,2.09056659525745,1.65825996642414,2.82594518260627,3.02803563034188,4.53106666666667,3.44000005722046,3.44000005722046,"MYS","East Asia & Pacific (excluding high income)","Upper middle income",4.23500013
"Malaysia",2017,3.8712011577424,3.77896094306453,0.798926040327275,2.92451866666667,4.60807808641975,3.41000008583069,3.41000008583069,"MYS","East Asia & Pacific (excluding high income)","Upper middle income",3.93
"Malaysia",2018,0.884709160571244,0.624729188293799,4.27699158153089,3.14344372222222,4.92844038461538,3.29999995231628,3.29999995231628,"MYS","East Asia & Pacific (excluding high income)","Upper middle income",4.1001
"Malaysia",2019,0.662891865764376,0.0743443144982194,4.7989808647929,2.983390625,4.87689294871795,3.25999999046326,3.25999999046326,"MYS","East Asia & Pacific (excluding high income)","Upper middle income",3.3249
"Netherlands",2002,3.28753104712768,3.77054132736822,0.180968513378638,2.76666666666667,3.95833333333333,2.54999995231628,2.54999995231628,"NLD","","High income",4.21500015
"Netherlands",2003,2.09199838997658,2.17027931585601,0.812095934062137,2.4875,3,3.58999991416931,3.58999991416931,"NLD","","High income",4.28700018
"Netherlands",2004,1.26364739183177,1.20404059769723,1.52756687694735,2.30916666666667,2.75,4.65000009536743,4.65000009536743,"NLD","","High income",3.65700006
"Netherlands",2005,1.68813017869622,1.98873995492572,0.76684286790214,2.34083333333333,2.77083333333333,5.86999988555908,5.86999988555908,"NLD","","High income",3.29099989
"Netherlands",2006,1.10150106517704,2.56110638417375,0.956074204991445,2.9822,3.54166666666667,5,5,"NLD","","High income",3.98699999
"Netherlands",2007,1.61385859802103,2.07220572994835,2.48055865807104,3.8892,4.60416666666667,4.15000009536743,4.15000009536743,"NLD","","High income",4.40799999
"Netherlands",2008,2.48650198289454,2.30632549844012,2.24604017105627,4.37083333333333,4.60416666666667,3.65000009536743,3.65000009536743,"NLD","","High income",3.5539999
"Netherlands",2009,1.18977687021549,0.220701610642962,1.75875013282005,2.59751666666667,1.98333333333333,4.34999990463257,4.34999990463257,"NLD","","High income",3.55599999
"Netherlands",2010,1.27530569556686,0.940413731811219,0.80204373873459,2.347175,1.75,4.98999977111816,4.98999977111816,"NLD","","High income",3.14400005
"Netherlands",2011,2.3410701775137,0.193652086824386,1.80285664366271,2.60671666666667,2,4.98000001907349,4.98000001907349,"NLD","","High income",2.17799997
"Netherlands",2012,2.45554765291609,1.44610956661077,0.176340358593803,2.73704166666667,1.625,5.82000017166138,5.82000017166138,"NLD","","High income",1.49699998
"Netherlands",2013,2.50689852657884,1.27998705426134,0.217232399151861,2.44,1.5,7.23999977111816,7.23999977111816,"NLD","","High income",2.23399997
"Netherlands",2014,0.976035079699661,0.253185732004795,NA,NA,NA,7.42000007629395,7.42000007629395,"NLD","","High income",0.68099999
"Netherlands",2015,0.600248147278775,0.772727976651382,NA,NA,NA,6.86999988555908,6.86999988555908,"NLD","","High income",0.79439998
"Netherlands",2016,0.316666666666663,0.454667288773308,NA,NA,NA,6.01000022888184,6.01000022888184,"NLD","","High income",0.35299999
"Netherlands",2017,1.3814587140721,1.26070715808579,NA,NA,NA,4.84000015258789,4.84000015258789,"NLD","","High income",0.5325
"Netherlands",2018,1.70349794744475,2.43709074520527,NA,NA,NA,3.82999992370605,3.82999992370605,"NLD","","High income",0.3842
"Netherlands",2019,2.63369910249593,3.03273379248688,NA,NA,NA,3.38000011444092,3.38000011444092,"NLD","","High income",-0.0546
"Norway",2002,1.28672528415185,-1.63232422905905,NA,NA,NA,4.01999998092651,4.01999998092651,"NOR","","High income",5.78999996
"Norway",2003,2.48782553461785,2.86503738510027,NA,NA,NA,4.21999979019165,4.21999979019165,"NOR","","High income",4.57000017
"Norway",2004,0.454498502220854,5.8371241074106,NA,NA,NA,4.26000022888184,4.26000022888184,"NOR","","High income",4.0539999
"Norway",2005,1.53213367609252,8.75245695757427,NA,NA,NA,4.38000011444092,4.38000011444092,"NOR","","High income",3.63499999
"Norway",2006,2.32934980757545,8.76330834205979,NA,NA,NA,3.40000009536743,3.40000009536743,"NOR","","High income",4.35699987
"Norway",2007,0.712589073634205,2.95674799301742,NA,NA,NA,2.49000000953674,2.49000000953674,"NOR","","High income",4.69299984
"Norway",2008,3.75393081761006,10.4059204327337,NA,NA,NA,2.54999995231628,2.54999995231628,"NOR","","High income",3.88499999
"Norway",2009,2.19738586853571,-5.21392021071466,NA,NA,NA,3.09999990463257,3.09999990463257,"NOR","","High income",4.16900015
"Norway",2010,2.41890639481001,5.96821152270515,NA,NA,NA,3.51999998092651,3.51999998092651,"NOR","","High income",3.296
"Norway",2011,1.28495158809159,6.71670605253362,NA,NA,NA,3.21000003814697,3.21000003814697,"NOR","","High income",2.43499994
"Norway",2012,0.696864111498241,3.3429205789641,NA,NA,NA,3.11999988555908,3.11999988555908,"NOR","","High income",2.13499999
"Norway",2013,2.12048620353119,2.55519558349381,1.75008628894376,2.19,4.35,3.42000007629395,3.42000007629395,"NOR","","High income",2.99600005
"Norway",2014,2.0417028670721,0.290603973053521,3.90970094732571,2.07166666666667,4.21166666666667,3.48000001907349,3.48000001907349,"NOR","","High income",1.53900003
"Norway",2015,2.17113665389528,-2.85486501270054,6.54161941669169,1.31333333333333,3.5,4.30000019073486,4.30000019073486,"NOR","","High income",1.47800004
"Norway",2016,3.55000000000002,-1.47425382556115,4.61225009909145,0.761666666666667,3.07,4.67999982833862,4.67999982833862,"NOR","","High income",1.65600002
"Norway",2017,1.87510059552548,3.95110454864106,-0.909342156018559,0.723333333333333,3.00583333333333,4.15999984741211,4.15999984741211,"NOR","","High income",1.5838
"Norway",2018,2.76483134528794,6.65160826591449,-3.49340717234351,0.730833333333333,2.92583333333333,3.79999995231628,3.79999995231628,"NOR","","High income",1.767
"Norway",2019,2.16773003305405,-0.472598023910763,3.72604055125946,0.928333333333333,3.23583333333333,3.69000005722046,3.69000005722046,"NOR","","High income",1.5557
"Portugal",2002,3.60034658290911,4.18978168737742,NA,NA,NA,4.5,4.5,"PRT","","High income",4.31500006
"Portugal",2003,3.21899090682897,3.42715372962287,NA,NA,NA,6.13000011444092,6.13000011444092,"PRT","","High income",4.36899996
"Portugal",2004,2.365362040973,2.3996146661088,NA,NA,NA,6.32000017166138,6.32000017166138,"PRT","","High income",3.671
"Portugal",2005,2.27716394887833,3.33290322756528,NA,NA,NA,7.57999992370605,7.57999992370605,"PRT","","High income",3.4059999
"Portugal",2006,3.10766545871054,3.18454265930981,NA,NA,NA,7.65000009536743,7.65000009536743,"PRT","","High income",4.13100004
"Portugal",2007,2.45396528138739,2.96634549274198,NA,NA,NA,7.96000003814697,7.96000003814697,"PRT","","High income",4.52299976
"Portugal",2008,2.58850657657964,1.73772428812507,NA,NA,NA,7.55000019073486,7.55000019073486,"PRT","","High income",3.96199989
"Portugal",2009,-0.83553002150417,1.09813586372714,NA,NA,NA,9.43000030517578,9.43000030517578,"PRT","","High income",4.05499983
"Portugal",2010,1.40257289895371,0.642290869101615,NA,NA,NA,10.7700004577637,10.7700004577637,"PRT","","High income",6.68200016
"Portugal",2011,3.65301100430729,-0.265123394841666,NA,NA,NA,12.6800003051758,12.6800003051758,"PRT","","High income",13.55700016
"Portugal",2012,2.77333854051579,-0.388196360131744,NA,NA,NA,15.5299997329712,15.5299997329712,"PRT","","High income",7
"Portugal",2013,0.27441666666668,2.24865489225866,NA,NA,NA,16.1800003051758,16.1800003051758,"PRT","","High income",6.03599977
"Portugal",2014,-0.278153367467421,0.704596369328669,NA,NA,NA,13.8900003433228,13.8900003433228,"PRT","","High income",2.69099998
"Portugal",2015,0.487938623904736,2.01996442826523,NA,NA,NA,12.4399995803833,12.4399995803833,"PRT","","High income",2.53999996
"Portugal",2016,0.607397074641661,1.71666254687131,NA,NA,NA,11.0699996948242,11.0699996948242,"PRT","","High income",3.75999999
"Portugal",2017,1.36861411643481,1.51191039440322,NA,NA,NA,8.86999988555908,8.86999988555908,"PRT","","High income",1.9368
"Portugal",2018,0.99371568346825,1.8129967517081,NA,NA,NA,6.98999977111816,6.98999977111816,"PRT","","High income",1.7264
"Portugal",2019,0.338178410046125,1.74945223999291,NA,NA,NA,6.46000003814697,6.46000003814697,"PRT","","High income",0.4409
"Singapore",2002,-0.391676866585079,-0.888569806568981,6.29029681817216,0.869166666666667,5.34583333333333,5.65000009536743,5.65000009536743,"SGP","","High income",2.56900001
"Singapore",2003,0.507905300237539,-1.7873291238966,7.22309629427799,0.5025,5.30666666666667,5.92999982833862,5.92999982833862,"SGP","","High income",3.75900006
"Singapore",2004,1.66272719863073,4.07349506421578,1.17849884355997,0.403333333333333,5.3,5.84000015258789,5.84000015258789,"SGP","","High income",2.58599997
"Singapore",2005,0.425106276569101,1.90743678170435,3.32906343779684,0.440833333333333,5.3,5.59000015258789,5.59000015258789,"SGP","","High income",3.20499992
"Singapore",2006,0.962901778165128,1.84569878432224,3.40397410696683,0.57,5.3125,4.48000001907349,4.48000001907349,"SGP","","High income",3.046
"Singapore",2007,2.10488003633213,5.91622844989621,-0.553483123857197,0.529166666666667,5.33,3.90000009536743,3.90000009536743,"SGP","","High income",2.67600012
"Singapore",2008,6.62778177352127,-1.38616559136398,6.86127421364262,0.419166666666667,5.38,3.96000003814697,3.96000003814697,"SGP","","High income",2.0480001
"Singapore",2009,0.596720257424972,2.96109252037509,2.3493413098217,0.2925,5.38,5.8600001335144,5.8600001335144,"SGP","","High income",2.65100002
"Singapore",2010,2.82366134885609,1.1026094190282,4.23074202095398,0.205833333333333,5.38,4.11999988555908,4.11999988555908,"SGP","","High income",2.71199989
"Singapore",2011,5.2477933984048,1.05383518338409,4.2810496096117,0.168333333333333,5.38,3.89000010490417,3.89000010490417,"SGP","","High income",1.62300003
"Singapore",2012,4.57560270376522,0.470225826184418,4.88679520070911,0.135833333333333,5.38,3.72000002861023,3.72000002861023,"SGP","","High income",1.29700005
"Singapore",2013,2.35860415399836,-0.449738693546806,5.85607573203718,0.14,5.38,3.85999989509583,3.85999989509583,"SGP","","High income",2.54699993
"Singapore",2014,1.02514803039394,-0.269632863808312,5.63482620708109,0.144166666666667,5.35,3.74000000953674,3.74000000953674,"SGP","","High income",2.29200006
"Singapore",2015,-0.522618167075314,3.0602241545826,2.22178426662735,0.166666666666667,5.35,3.78999996185303,3.78999996185303,"SGP","","High income",2.59800005
"Singapore",2016,-0.53226873971629,0.647139797509126,4.67262180718946,0.19,5.35,4.07999992370605,4.07999992370605,"SGP","","High income",2.47799993
"Singapore",2017,0.576260310166371,3.00609296479209,2.20754614582377,0.141666666666667,5.28,4.19999980926514,4.19999980926514,"SGP","","High income",2.0097
"Singapore",2018,0.438620118446782,3.34763899131903,1.91814832736284,0.156666666666667,5.33,NA,3.64299988746643,"SGP","","High income",2.0493
"Singapore",2019,0.565260568780358,-0.62419407964687,5.91109075820212,0.1975,5.25,3.09999990463257,3.09999990463257,"SGP","","High income",1.75
"South Africa",2002,9.49471070324861,12.537957905723,2.85418551575979,10.7741666666667,15.75,33.2900009155273,33.2900009155273,"ZAF","Sub-Saharan Africa (excluding high income)","Upper middle income",14.40999985
"South Africa",2003,5.67941771099109,6.39576358713289,8.04784838936569,9.76083333333333,14.9583333333333,32.310001373291,32.310001373291,"ZAF","Sub-Saharan Africa (excluding high income)","Upper middle income",14.40999985
"South Africa",2004,-0.692030271024119,6.042171590455,4.95038435886221,6.55416666666667,11.2916666666667,29.4500007629395,29.4500007629395,"ZAF","Sub-Saharan Africa (excluding high income)","Upper middle income",14.40999985
"South Africa",2005,2.0628461650463,5.59700978064043,4.76148920296545,6.04333333333333,10.625,29.1200008392334,29.1200008392334,"ZAF","Sub-Saharan Africa (excluding high income)","Upper middle income",14.40999985
"South Africa",2006,3.24390776468061,6.06463701450308,4.8103022796052,7.14166666666667,11.1666666666667,28.3400001525879,28.3400001525879,"ZAF","Sub-Saharan Africa (excluding high income)","Upper middle income",7.86000013
"South Africa",2007,6.17780683499413,8.24576476611674,4.54604566856025,9.155,13.1666666666667,26.5400009155273,26.5400009155273,"ZAF","Sub-Saharan Africa (excluding high income)","Upper middle income",8.57499981
"South Africa",2008,10.0745755249181,7.85033172851331,6.74515150291692,11.6125,15.125,22.4099998474121,22.4099998474121,"ZAF","Sub-Saharan Africa (excluding high income)","Upper middle income",7.32499981
"South Africa",2009,7.21531413612565,8.6630418315964,2.80250897674705,8.53666666666667,11.7083333333333,23.5200004577637,23.5200004577637,"ZAF","Sub-Saharan Africa (excluding high income)","Upper middle income",9.04500008
"South Africa",2010,4.08972989470472,6.12843243160444,3.49095978979672,6.465,9.83333333333333,24.6800003051758,24.6800003051758,"ZAF","Sub-Saharan Africa (excluding high income)","Upper middle income",8.13500023
"South Africa",2011,4.99926696965254,5.53905643151262,3.27930122317635,5.6725,9,24.6399993896484,24.6399993896484,"ZAF","Sub-Saharan Africa (excluding high income)","Upper middle income",7.92999983
"South Africa",2012,5.72465791678303,4.68520638813985,3.88287299810937,5.43666666666667,8.75,24.7299995422363,24.7299995422363,"ZAF","Sub-Saharan Africa (excluding high income)","Upper middle income",6.38500023
"South Africa",2013,5.78446909667191,5.84411140067347,2.50924549715633,5.1525,8.5,24.5599994659424,24.5599994659424,"ZAF","Sub-Saharan Africa (excluding high income)","Upper middle income",7.90999985
"South Africa",2014,6.12983770287145,5.36654618468381,3.56702763012509,5.80083333333333,9.125,24.8899993896484,24.8899993896484,"ZAF","Sub-Saharan Africa (excluding high income)","Upper middle income",7.80000019
"South Africa",2015,4.54064227737914,5.54552812339873,3.66774283297157,6.15333333333333,9.41666666666667,25.1499996185303,25.1499996185303,"ZAF","Sub-Saharan Africa (excluding high income)","Upper middle income",9.77000046
"South Africa",2016,6.57139642173959,6.9521719608848,3.27825167845193,7.17166666666667,10.4583333333333,26.5400009155273,26.5400009155273,"ZAF","Sub-Saharan Africa (excluding high income)","Upper middle income",8.92500019
"South Africa",2017,5.18424664766131,5.47332197481477,4.64731548547952,7.24583333333333,10.375,27.0400009155273,27.0400009155273,"ZAF","Sub-Saharan Africa (excluding high income)","Upper middle income",8.6016
"South Africa",2018,4.51716522786587,3.95647369730938,5.89367782314695,6.99833333333333,10.0833333333333,26.9099998474121,26.9099998474121,"ZAF","Sub-Saharan Africa (excluding high income)","Upper middle income",8.9362
"South Africa",2019,4.12024587014984,4.49944873978896,5.38333103959148,7.00833333333333,10.125,28.4699993133545,28.4699993133545,"ZAF","Sub-Saharan Africa (excluding high income)","Upper middle income",9.0209
"Spain",2002,3.0656568590222,4.08459975098776,NA,NA,NA,11.1499996185303,11.1499996185303,"ESP","","High income",4.2670002
"Spain",2003,3.03888839396654,3.93354520267644,NA,NA,NA,11.2799997329712,11.2799997329712,"ESP","","High income",4.29199982
"Spain",2004,3.03924881090927,3.88216282902924,NA,NA,NA,11.0900001525879,11.0900001525879,"ESP","","High income",3.70499992
"Spain",2005,3.36881409750382,4.10104389006925,NA,NA,NA,9.14999961853027,9.14999961853027,"ESP","","High income",3.3210001
"Spain",2006,3.51557576832125,3.97958531407545,NA,NA,NA,8.44999980926514,8.44999980926514,"ESP","","High income",3.99699998
"Spain",2007,2.78679745804947,3.41644715828198,NA,NA,NA,8.22999954223633,8.22999954223633,"ESP","","High income",4.40399981
"Spain",2008,4.07534335957341,2.25424800208627,NA,NA,NA,11.25,11.25,"ESP","","High income",3.78999996
"Spain",2009,-0.287813083535237,0.143905293766267,NA,NA,NA,17.8600006103516,17.8600006103516,"ESP","","High income",3.97799993
"Spain",2010,1.79986457728766,0.153388675098938,NA,NA,NA,19.8600006103516,19.8600006103516,"ESP","","High income",5.4829998
"Spain",2011,3.19610188833788,-0.0197507478863059,NA,NA,NA,21.3899993896484,21.3899993896484,"ESP","","High income",5.08599997
"Spain",2012,2.44612782366812,-0.114557740159839,NA,NA,NA,24.7900009155273,24.7900009155273,"ESP","","High income",5.3119998
"Spain",2013,1.40858109183012,0.398439552805712,NA,NA,NA,26.0900001525879,26.0900001525879,"ESP","","High income",4.14499998
"Spain",2014,-0.151114837527181,-0.223368485312221,NA,NA,NA,24.4400005340576,24.4400005340576,"ESP","","High income",1.61000001
"Spain",2015,-0.500365709903282,0.545556009835707,NA,NA,NA,22.0599994659424,22.0599994659424,"ESP","","High income",1.78100002
"Spain",2016,-0.202598000426425,0.322898793520409,NA,NA,NA,19.6299991607666,19.6299991607666,"ESP","","High income",1.39400005
"Spain",2017,1.95607633363964,1.2995548323383,NA,NA,NA,17.2199993133545,17.2199993133545,"ESP","","High income",1.5558
"Spain",2018,1.67498136863794,1.24525511523967,NA,NA,NA,15.25,15.25,"ESP","","High income",1.4188
"Spain",2019,0.699518994458693,1.3046571659175,NA,NA,NA,14.1000003814697,14.1000003814697,"ESP","","High income",0.4616
"Thailand",2002,0.697308976625456,1.69045805604154,NA,NA,NA,1.82000005245209,1.82000005245209,"THA","East Asia & Pacific (excluding high income)","Upper middle income",3.6500001
"Thailand",2003,1.80434994635721,2.1495490160917,NA,NA,NA,1.53999996185303,1.53999996185303,"THA","East Asia & Pacific (excluding high income)","Upper middle income",4.8499999
"Thailand",2004,2.75914926231081,3.56925942602997,0.949922531687859,1.09836378355252,4.55308715722008,1.50999999046326,1.50999999046326,"THA","East Asia & Pacific (excluding high income)","Upper middle income",4.8499999
"Thailand",2005,4.54036919634533,5.09155618304895,-0.354173197273538,1.65311094810176,4.71935005845093,1.35000002384186,1.35000002384186,"THA","East Asia & Pacific (excluding high income)","Upper middle income",5.46500015
"Thailand",2006,4.63747436011765,5.1042132730291,1.11279460175694,4.33873042661947,6.27380728455047,1.22000002861023,1.22000002861023,"THA","East Asia & Pacific (excluding high income)","Upper middle income",5.5
"Thailand",2007,2.24154095286803,2.47333774189036,3.48698568702785,2.8407899146902,6.04656836196978,1.17999994754791,1.17999994754791,"THA","East Asia & Pacific (excluding high income)","Upper middle income",4.98000002
"Thailand",2008,5.46848949649844,5.13378035159961,0.654506894891986,2.53599795678966,5.82188819286143,1.17999994754791,1.17999994754791,"THA","East Asia & Pacific (excluding high income)","Upper middle income",2.50999999
"Thailand",2009,-0.845716092316723,0.194772130958171,4.57231980497401,1.02193983408434,4.77599754065056,1.49000000953674,0.949000000953674,"THA","East Asia & Pacific (excluding high income)","Upper middle income",4.28999996
"Thailand",2010,3.24758842443727,4.08098922673743,0.243128638611462,1.19967250261727,4.33403991889774,0.620000004768372,0.620000004768372,"THA","East Asia & Pacific (excluding high income)","Upper middle income",3.71000004
"Thailand",2011,3.80879058139634,3.7430981204437,1.2766820317925,2.4580602042386,5.06756761337228,0.660000026226044,0.660000026226044,"THA","East Asia & Pacific (excluding high income)","Upper middle income",3.33999991
"Thailand",2012,3.01489950334988,1.90914444199674,3.21675712469183,2.60014998247194,5.18731410654716,0.579999983310699,0.579999983310699,"THA","East Asia & Pacific (excluding high income)","Upper middle income",3.53999996
"Thailand",2013,2.18488618530682,1.77874589235417,3.22433498210821,2.43305606719736,5.06043360051236,0.25,0.25,"THA","East Asia & Pacific (excluding high income)","Upper middle income",3.91000009
"Thailand",2014,1.89514181898783,1.44146536528029,3.45784317114814,1.75309614610678,4.94915214812624,0.579999983310699,0.579999983310699,"THA","East Asia & Pacific (excluding high income)","Upper middle income",2.91000009
"Thailand",2015,-0.900424963291544,0.722113573412514,3.98101397309843,1.43341559553114,4.73187498877014,0.600000023841858,0.600000023841858,"THA","East Asia & Pacific (excluding high income)","Upper middle income",2.51999998
"Thailand",2016,0.188149704448173,2.63616761998928,1.78511916997275,1.30034238213158,4.46834552349908,0.689999997615814,0.689999997615814,"THA","East Asia & Pacific (excluding high income)","Upper middle income",2.70000005
"Thailand",2017,0.66563189313507,1.8999449899777,2.46971462408852,1.28916187722766,4.41658283333333,0.829999983310699,0.829999983310699,"THA","East Asia & Pacific (excluding high income)","Upper middle income",2.3638
"Thailand",2018,1.06389754183022,1.43224853892525,2.67608986968256,1.2875,4.14666666666667,0.769999980926514,0.769999980926514,"THA","East Asia & Pacific (excluding high income)","Upper middle income",2.514
"Thailand",2019,0.70672860131428,0.946225111007124,3.10852788423624,1.41666666666667,4.08416666666667,0.720000028610229,0.720000028610229,"THA","East Asia & Pacific (excluding high income)","Upper middle income",1.4747
"United Kingdom",2002,1.52040245947458,2.06344099575955,1.8974071277108,NA,4,5.03999996185303,5.03999996185303,"GBR","","High income",4.36499977
"United Kingdom",2003,1.3765003854201,2.73712314364111,0.933127669620646,NA,3.69579166666667,4.80999994277954,4.80999994277954,"GBR","","High income",4.7670002
"United Kingdom",2004,1.39039756680426,2.57005899447064,1.76441126186111,NA,4.37981666666667,4.59000015258789,4.59000015258789,"GBR","","High income",4.57399988
"United Kingdom",2005,2.08913649025072,3.13589713358328,1.46678111933941,NA,4.648675,4.75,4.75,"GBR","","High income",4.1170001
"United Kingdom",2006,2.45566166439288,2.84835797682179,1.74032954120173,NA,4.63825833333333,5.34999990463257,5.34999990463257,"GBR","","High income",4.78999996
"United Kingdom",2007,2.38656150773328,2.79651575648585,2.63840905198808,NA,5.50870833333333,5.26000022888184,5.26000022888184,"GBR","","High income",4.61299992
"United Kingdom",2008,3.52140856342537,3.2285597654007,1.40150029334957,NA,4.67530833333333,5.61999988555908,5.61999988555908,"GBR","","High income",3.01699996
"United Kingdom",2009,1.96173173560107,1.7162190592525,-1.05327587133547,NA,0.644866666666667,7.53999996185303,7.53999996185303,"GBR","","High income",4.01200008
"United Kingdom",2010,2.49265472467065,1.37620731822221,-0.864312585172748,NA,0.5,7.78999996185303,7.78999996185303,"GBR","","High income",3.39499998
"United Kingdom",2011,3.85611244682819,2.06733293431685,-1.53558723369941,NA,0.5,8.03999996185303,8.03999996185303,"GBR","","High income",1.977
"United Kingdom",2012,2.57323479654528,1.611883545944,-1.09424558146415,NA,0.5,7.88000011444092,7.88000011444092,"GBR","","High income",1.83599997
"United Kingdom",2013,2.29166666666666,2.23880054182746,-1.70072470785305,NA,0.5,7.51999998092651,7.51999998092651,"GBR","","High income",3.03200006
"United Kingdom",2014,1.45112016293279,1.59036810676083,-1.07329870644328,NA,0.5,6.1100001335144,6.1100001335144,"GBR","","High income",1.75600004
"United Kingdom",2015,0.368046842325369,0.511374817313225,NA,NA,NA,5.30000019073486,5.30000019073486,"GBR","","High income",1.96099997
"United Kingdom",2016,1.00841736811403,1.90110663436174,NA,NA,NA,4.80999994277954,4.80999994277954,"GBR","","High income",1.24000001
"United Kingdom",2017,2.55775577557754,1.81876640825315,NA,NA,NA,4.32999992370605,4.32999992370605,"GBR","","High income",1.1903
"United Kingdom",2018,2.29283990345939,1.99903489165381,NA,NA,NA,4,4,"GBR","","High income",1.1473
"United Kingdom",2019,1.73810460086511,2.01510318725352,NA,NA,NA,3.74000000953674,3.74000000953674,"GBR","","High income",0.7346
"United States",2002,1.58603162650603,1.58176300591224,3.04507118458628,NA,4.675,5.78000020980835,5.78000020980835,"USA","","High income",3.81800008
"United States",2003,2.27009497336113,1.85709520165997,2.22410112310282,NA,4.1225,5.98999977111816,5.98999977111816,"USA","","High income",4.25299978
"United States",2004,2.67723669309173,2.6922121263311,1.60458893576253,NA,4.34,5.53000020980835,5.53000020980835,"USA","","High income",4.22200012
"United States",2005,3.39274684549547,3.11494234781323,2.98135677415587,NA,6.18916666666667,5.07999992370605,5.07999992370605,"USA","","High income",4.39499998
"United States",2006,3.22594410070407,3.02620464133297,4.78644765750077,NA,7.9575,4.61999988555908,4.61999988555908,"USA","","High income",4.698
"United States",2007,2.85267248150136,2.68627890903008,5.22340584151622,NA,8.05,4.61999988555908,4.61999988555908,"USA","","High income",4.033
"United States",2008,3.83910029665101,1.94513170334587,3.08241133651995,NA,5.0875,5.78000020980835,5.78000020980835,"USA","","High income",2.217
"United States",2009,-0.35554626629975,0.762349988423779,2.46882889478265,NA,3.25,9.25,9.25,"USA","","High income",3.841
"United States",2010,1.64004344238989,1.16525054364868,2.06073671062756,NA,3.25,9.63000011444092,9.63000011444092,"USA","","High income",3.295
"United States",2011,3.15684156862206,2.08890377766842,1.1373383192166,NA,3.25,8.94999980926514,8.94999980926514,"USA","","High income",1.874
"United States",2012,2.06933726526059,1.91784900670304,1.30708311280131,NA,3.25,8.06999969482422,8.06999969482422,"USA","","High income",1.761
"United States",2013,1.46483265562714,1.75491578501162,1.46929925051209,NA,3.25,7.36999988555908,7.36999988555908,"USA","","High income",3.033
"United States",2014,1.62222297740821,1.84982747081428,1.37474217085635,NA,3.25,6.17000007629395,6.17000007629395,"USA","","High income",2.1721
"United States",2015,0.118627135552435,0.952531532798019,2.28569648741529,NA,3.26,5.28000020980835,5.28000020980835,"USA","","High income",2.2694
"United States",2016,1.26158320570537,1.04924737000228,2.43685070473409,NA,3.51166666666667,4.86999988555908,4.86999988555908,"USA","","High income",2.4452
"United States",2017,2.13011000365963,1.88006787244998,2.17569426533145,NA,4.09666666666667,4.3600001335144,4.3600001335144,"USA","","High income",2.4099
"United States",2018,2.44258329692818,2.40098111411591,2.44449371999786,NA,4.90416666666667,3.90000009536743,3.90000009536743,"USA","","High income",2.6842
"United States",2019,1.81221007526015,1.78515153743628,3.43601046885253,NA,5.2825,3.67000007629395,3.67000007629395,"USA","","High income",1.9219
